-- ============================================================
-- SEED — Universidad del Valle, sede Tuluá
-- Carreras, materias y profesores reales (aproximados).
-- ============================================================

-- ────────────────────────────────────────────────────────────
-- SEDE
-- ────────────────────────────────────────────────────────────
insert into public.sedes (id, nombre, ciudad, direccion) values
  ('00000000-0000-0000-0000-000000000001', 'Tuluá', 'Tuluá', 'Carrera 27 # 48-144, Barrio Palermo, Tuluá, Valle del Cauca');

-- ────────────────────────────────────────────────────────────
-- CARRERAS  (colores asignados en orden cíclico)
-- ────────────────────────────────────────────────────────────
insert into public.carreras (id, nombre, sede_id, color) values
  ('10000000-0000-0000-0000-000000000001', 'Ingeniería de Sistemas',             '00000000-0000-0000-0000-000000000001', 'aula'),
  ('10000000-0000-0000-0000-000000000002', 'Ingeniería Industrial',              '00000000-0000-0000-0000-000000000001', 'musgo'),
  ('10000000-0000-0000-0000-000000000003', 'Contaduría Pública',                 '00000000-0000-0000-0000-000000000001', 'ocre'),
  ('10000000-0000-0000-0000-000000000004', 'Administración de Empresas',         '00000000-0000-0000-0000-000000000001', 'ciruela'),
  ('10000000-0000-0000-0000-000000000005', 'Tecnología en Sistemas de Información', '00000000-0000-0000-0000-000000000001', 'aula'),
  ('10000000-0000-0000-0000-000000000006', 'Tecnología en Administración de Empresas', '00000000-0000-0000-0000-000000000001', 'musgo');

-- ────────────────────────────────────────────────────────────
-- MATERIAS — Ingeniería de Sistemas
-- ────────────────────────────────────────────────────────────
insert into public.materias (id, nombre, carrera_id) values
  ('20000000-0000-0000-0000-000000000001', 'Cálculo Diferencial',        '10000000-0000-0000-0000-000000000001'),
  ('20000000-0000-0000-0000-000000000002', 'Cálculo Integral',           '10000000-0000-0000-0000-000000000001'),
  ('20000000-0000-0000-0000-000000000003', 'Álgebra Lineal',             '10000000-0000-0000-0000-000000000001'),
  ('20000000-0000-0000-0000-000000000004', 'Fundamentos de Programación','10000000-0000-0000-0000-000000000001'),
  ('20000000-0000-0000-0000-000000000005', 'Estructuras de Datos',       '10000000-0000-0000-0000-000000000001'),
  ('20000000-0000-0000-0000-000000000006', 'Programación Orientada a Objetos', '10000000-0000-0000-0000-000000000001'),
  ('20000000-0000-0000-0000-000000000007', 'Bases de Datos',             '10000000-0000-0000-0000-000000000001'),
  ('20000000-0000-0000-0000-000000000008', 'Sistemas Operativos',        '10000000-0000-0000-0000-000000000001'),
  ('20000000-0000-0000-0000-000000000009', 'Redes de Computadores',      '10000000-0000-0000-0000-000000000001'),
  ('20000000-0000-0000-0000-000000000010', 'Ingeniería de Software',     '10000000-0000-0000-0000-000000000001'),
  ('20000000-0000-0000-0000-000000000011', 'Lógica Matemática',          '10000000-0000-0000-0000-000000000001'),
  ('20000000-0000-0000-0000-000000000012', 'Probabilidad y Estadística', '10000000-0000-0000-0000-000000000001'),
  ('20000000-0000-0000-0000-000000000013', 'Inteligencia Artificial',    '10000000-0000-0000-0000-000000000001'),
  ('20000000-0000-0000-0000-000000000014', 'Compiladores',               '10000000-0000-0000-0000-000000000001'),
  ('20000000-0000-0000-0000-000000000015', 'Arquitectura de Computadores','10000000-0000-0000-0000-000000000001');

-- ────────────────────────────────────────────────────────────
-- MATERIAS — Ingeniería Industrial
-- ────────────────────────────────────────────────────────────
insert into public.materias (id, nombre, carrera_id) values
  ('20000000-0000-0000-0000-000000000101', 'Cálculo Diferencial',        '10000000-0000-0000-0000-000000000002'),
  ('20000000-0000-0000-0000-000000000102', 'Investigación de Operaciones','10000000-0000-0000-0000-000000000002'),
  ('20000000-0000-0000-0000-000000000103', 'Estadística Industrial',     '10000000-0000-0000-0000-000000000002'),
  ('20000000-0000-0000-0000-000000000104', 'Gestión de Producción',      '10000000-0000-0000-0000-000000000002'),
  ('20000000-0000-0000-0000-000000000105', 'Control de Calidad',         '10000000-0000-0000-0000-000000000002'),
  ('20000000-0000-0000-0000-000000000106', 'Logística y Cadena de Suministro','10000000-0000-0000-0000-000000000002'),
  ('20000000-0000-0000-0000-000000000107', 'Ergonomía',                  '10000000-0000-0000-0000-000000000002'),
  ('20000000-0000-0000-0000-000000000108', 'Termodinámica',              '10000000-0000-0000-0000-000000000002');

-- ────────────────────────────────────────────────────────────
-- MATERIAS — Contaduría Pública
-- ────────────────────────────────────────────────────────────
insert into public.materias (id, nombre, carrera_id) values
  ('20000000-0000-0000-0000-000000000201', 'Contabilidad Básica',        '10000000-0000-0000-0000-000000000003'),
  ('20000000-0000-0000-0000-000000000202', 'Contabilidad de Costos',     '10000000-0000-0000-0000-000000000003'),
  ('20000000-0000-0000-0000-000000000203', 'Auditoría',                  '10000000-0000-0000-0000-000000000003'),
  ('20000000-0000-0000-0000-000000000204', 'Tributaria',                 '10000000-0000-0000-0000-000000000003'),
  ('20000000-0000-0000-0000-000000000205', 'Finanzas Corporativas',      '10000000-0000-0000-0000-000000000003'),
  ('20000000-0000-0000-0000-000000000206', 'Legislación Comercial',      '10000000-0000-0000-0000-000000000003');

-- ────────────────────────────────────────────────────────────
-- MATERIAS — Administración de Empresas
-- ────────────────────────────────────────────────────────────
insert into public.materias (id, nombre, carrera_id) values
  ('20000000-0000-0000-0000-000000000301', 'Fundamentos de Administración','10000000-0000-0000-0000-000000000004'),
  ('20000000-0000-0000-0000-000000000302', 'Gestión del Talento Humano', '10000000-0000-0000-0000-000000000004'),
  ('20000000-0000-0000-0000-000000000303', 'Marketing',                  '10000000-0000-0000-0000-000000000004'),
  ('20000000-0000-0000-0000-000000000304', 'Emprendimiento',             '10000000-0000-0000-0000-000000000004'),
  ('20000000-0000-0000-0000-000000000305', 'Finanzas',                   '10000000-0000-0000-0000-000000000004'),
  ('20000000-0000-0000-0000-000000000306', 'Derecho Empresarial',        '10000000-0000-0000-0000-000000000004');

-- ────────────────────────────────────────────────────────────
-- PROFESORES (nombres representativos; completar con datos reales)
-- ────────────────────────────────────────────────────────────
insert into public.profesores (id, nombre) values
  ('30000000-0000-0000-0000-000000000001', 'Carlos Andrés García López'),
  ('30000000-0000-0000-0000-000000000002', 'María Fernanda Ospina Ríos'),
  ('30000000-0000-0000-0000-000000000003', 'Jorge Luis Castaño Vélez'),
  ('30000000-0000-0000-0000-000000000004', 'Leidy Paola Montoya Gómez'),
  ('30000000-0000-0000-0000-000000000005', 'Andrés Felipe Muñoz Salcedo'),
  ('30000000-0000-0000-0000-000000000006', 'Diana Carolina Vargas Patiño'),
  ('30000000-0000-0000-0000-000000000007', 'Ricardo Alexis Herrera Cano'),
  ('30000000-0000-0000-0000-000000000008', 'Sandra Milena Córdoba Zuluaga'),
  ('30000000-0000-0000-0000-000000000009', 'Fabio Ernesto Restrepo Torres'),
  ('30000000-0000-0000-0000-000000000010', 'Claudia Patricia Gutiérrez Mora'),
  ('30000000-0000-0000-0000-000000000011', 'Jhon Fredy Ríos Cardona'),
  ('30000000-0000-0000-0000-000000000012', 'Natalia Andrea Salazar Ibáñez'),
  ('30000000-0000-0000-0000-000000000013', 'Mauricio Alberto Lozano Quintero'),
  ('30000000-0000-0000-0000-000000000014', 'Yenny Marcela Cifuentes Arias');

-- ────────────────────────────────────────────────────────────
-- OFERTAS — ejemplos para Ingeniería de Sistemas, 2025-1
-- ────────────────────────────────────────────────────────────
insert into public.ofertas (id, materia_id, profesor_id, semestre) values
  ('40000000-0000-0000-0000-000000000001', '20000000-0000-0000-0000-000000000001', '30000000-0000-0000-0000-000000000001', '2025-1'),
  ('40000000-0000-0000-0000-000000000002', '20000000-0000-0000-0000-000000000004', '30000000-0000-0000-0000-000000000003', '2025-1'),
  ('40000000-0000-0000-0000-000000000003', '20000000-0000-0000-0000-000000000005', '30000000-0000-0000-0000-000000000003', '2025-1'),
  ('40000000-0000-0000-0000-000000000004', '20000000-0000-0000-0000-000000000007', '30000000-0000-0000-0000-000000000005', '2025-1'),
  ('40000000-0000-0000-0000-000000000005', '20000000-0000-0000-0000-000000000002', '30000000-0000-0000-0000-000000000001', '2025-2'),
  ('40000000-0000-0000-0000-000000000006', '20000000-0000-0000-0000-000000000006', '30000000-0000-0000-0000-000000000007', '2025-2');

